number, runtime (milliseconds), runtime (nanoseconds), prime factors
2564001,0,43619,[3; 3; 3; 11; 89; 97]
4159840,0,1186257,[2; 2; 2; 2; 2; 5; 25999]
6660195,0,625628,[3; 5; 31; 14323]
9643249,0,773590,[7; 7; 11; 17891]
11282307,63,56002932,[3; 3760769]
12182218,125,133974699,[2; 6091109]
17388701,0,66711,[11; 587; 2693]
18476435,0,965597,[5; 101; 36587]
18899470,0,9408,[2; 5; 59; 103; 311]
19678472,0,15395,[2; 2; 2; 11; 11; 29; 701]
21871239,0,15823,[3; 13; 449; 1249]
24024165,0,2419980,[3; 5; 11; 145601]
24065559,0,1133230,[3; 3; 3; 7; 127331]
26477732,0,2030833,[2; 2; 47; 140839]
32622715,0,124869,[5; 19; 37; 9281]
33213412,0,8125,[2; 2; 113; 197; 373]
35449912,0,965169,[2; 2; 2; 41; 108079]
36185368,63,62053524,[2; 2; 2; 4523171]
38456845,0,20526,[5; 7; 733; 1499]
39294979,0,2016721,[863; 45533]
42963057,0,2000472,[3; 3; 23; 207551]
50921005,0,1347047,[5; 67; 152003]
52091166,0,863820,[2; 3; 89; 97549]
52287738,0,1156322,[2; 3; 67; 130069]
59796785,172,162476069,[5; 11959357]
64599902,0,6110460,[2; 47; 687233]
68578208,47,34102946,[2; 2; 2; 2; 2; 2143069]
71606342,0,37631,[2; 31; 389; 2969]
72352109,31,33655641,[31; 2333939]
73658538,16,14442051,[2; 3; 3; 3; 1364047]
74582467,0,23092,[19; 47; 47; 1777]
80515964,0,3783277,[2; 2; 41; 490951]
80952729,16,4087753,[3; 11; 13; 188701]
81432630,0,14540,[2; 3; 3; 5; 659; 1373]
83003473,0,5524602,[7; 71; 167009]
84251784,31,28662161,[2; 2; 2; 3; 3510491]
84557803,63,67841120,[11; 7687073]
85356899,1234,1224587322,[85356899]
85590684,0,119737,[2; 2; 3; 3; 131; 18149]
90134346,172,178806551,[2; 3; 15022391]
92713559,0,49605,[19; 701; 6961]
98120580,0,9408,[2; 2; 3; 5; 31; 71; 743]
99904694,609,617918116,[2; 49952347]
101643732,16,15571005,[2; 2; 3; 3; 2823437]
101772459,0,18388,[3; 3; 37; 131; 2333]
102695520,0,1149480,[2; 2; 2; 2; 2; 3; 5; 213949]
103078280,0,13257,[2; 2; 2; 5; 103; 127; 197]
105139333,0,824478,[13; 53; 152597]
110707938,0,996386,[2; 3; 3; 3; 11; 186377]
112284822,16,8997845,[2; 3; 13; 1439549]
112654636,0,1546751,[2; 2; 97; 290347]
113871550,0,14540,[2; 5; 5; 13; 239; 733]
119287774,344,335132389,[2; 59643887]
123509525,15,27878308,[5; 5; 4940381]
126070881,0,1156750,[3; 193; 217739]
128231428,16,13612014,[2; 2; 13; 2465989]
133508940,0,6842,[2; 2; 3; 5; 31; 179; 401]
135118597,766,752740813,[135118597]
135224956,0,50888,[2; 2; 3671; 9209]
138072214,0,423358,[2; 7; 113; 87277]
138317973,219,223604620,[3; 46105991]
138638226,109,112093101,[2; 3; 23106371]
141690887,109,114653345,[13; 10899299]
143273199,0,730398,[3; 587; 81359]
146677272,15,13151452,[2; 2; 2; 3; 7; 873079]
146921689,1375,1366190582,[146921689]
147379914,0,234343,[2; 3; 3; 11; 29; 25667]
148257180,0,7265072,[2; 2; 3; 3; 5; 823651]
150771437,16,10394924,[131; 1150927]
152018788,0,3459558,[2; 2; 97; 391801]
152467854,0,2914325,[2; 3; 7; 11; 330017]
155798026,0,52171,[2; 61; 257; 4969]
157794992,0,12402,[2; 2; 2; 2; 53; 317; 587]
158465954,0,108619,[2; 6679; 11863]
160761962,0,689346,[2; 17; 61; 77513]
162171297,0,706024,[3; 3; 227; 79379]
163007774,766,756406918,[2; 81503887]
167353099,1531,1532554697,[167353099]
167704447,1578,1571753329,[167704447]
167957679,516,514757003,[3; 55985893]
168795869,140,149587184,[11; 15345079]
169447210,0,64146,[2; 5; 23; 127; 5801]
170347092,141,130802510,[2; 2; 3; 14195591]
171485445,109,109864701,[3; 5; 11432363]
171935310,47,53663347,[2; 3; 5; 5731177]
172162086,16,3666105,[2; 3; 83; 345707]
177140879,1625,1630780915,[177140879]
182047039,16,9993376,[163; 1116853]
183899939,0,4598347,[353; 520963]
185574670,0,28651,[2; 5; 43; 179; 2411]
186944228,0,954051,[2; 2; 443; 105499]
189610707,0,236909,[3; 11; 13; 17; 25999]
189941322,296,291125015,[2; 3; 31656887]
197121635,360,356570530,[5; 39424327]
198200941,31,26645867,[67; 2958223]
202029045,0,350659,[3; 5; 359; 37517]
206268070,0,2504224,[2; 5; 73; 282559]
207606818,0,151810,[2; 6163; 16843]
208693332,63,57517184,[2; 2; 3; 3; 5797037]
212365140,0,2859160,[2; 2; 3; 5; 13; 272263]
214277567,0,4762131,[7; 61; 501821]
214312538,15,9400248,[2; 11; 11; 885589]
214370105,0,772735,[5; 653; 65657]
214619606,0,193291,[2; 5147; 20849]
216774045,0,90658,[3; 3; 5; 491; 9811]
217595932,0,48323,[2; 2; 29; 577; 3251]
217831151,110,111907508,[29; 7511419]
220029548,0,280528,[2; 2; 1753; 31379]
221753543,0,7269,[11; 37; 41; 97; 137]
222556324,0,136843,[2; 2; 29; 127; 15107]
228546751,62,61813193,[41; 5574311]
232033556,0,80823,[2; 2; 6673; 8693]
233667878,16,10851209,[2; 109; 1071871]
234777572,15,14315899,[2; 2; 79; 742967]
235512872,110,105000793,[2; 2; 2; 7; 4205587]
237037513,2250,2254957880,[237037513]
242019311,0,3599822,[593; 408127]
243950878,1109,1100895508,[2; 121975439]
246024795,0,148389,[3; 5; 1223; 13411]
246535307,0,3527979,[617; 399571]
249125282,16,7221881,[2; 7; 23; 773681]
255615594,31,29660258,[2; 3; 13; 3277123]
256913002,0,1444119,[2; 787; 163223]
257540499,0,18389,[3; 3; 3; 23; 229; 1811]
260004044,0,139837,[2; 2; 4159; 15629]
260632194,0,3043898,[2; 3; 127; 342037]
260823486,0,28652,[2; 3; 7; 11; 11; 17; 3019]
261347374,0,569609,[2; 2029; 64403]
262012748,640,628803109,[2; 2; 65503187]
263241621,0,259574,[3; 3; 1213; 24113]
265381512,0,4276,[2; 2; 2; 3; 11; 19; 191; 277]
268270583,360,368271876,[7; 38324369]
269736740,0,1452245,[2; 2; 5; 7; 13; 148207]
273613840,0,1041716,[2; 2; 2; 2; 5; 29; 117937]
275100214,1281,1267431105,[2; 137550107]
279418445,500,509624969,[5; 55883689]
287419768,516,514320817,[2; 2; 2; 35927471]
290304985,0,23092,[5; 103; 241; 2339]
292987873,2859,2857571407,[292987873]
293078585,532,534361023,[5; 58615717]
293080485,0,3666105,[3; 5; 47; 415717]
293655551,375,378974697,[7; 41950793]
294488850,16,17639470,[2; 3; 5; 5; 1963259]
294584422,0,47040,[2; 11; 11; 241; 5051]
301753478,0,5421543,[2; 13; 19; 610837]
303539767,0,187731,[73; 197; 21107]
306542185,0,80823,[5; 6857; 8941]
315879812,875,861562514,[2; 2; 78969953]
320736287,31,39039551,[79; 4059953]
321310633,16,15055705,[7; 29; 1582811]
321442484,78,69674387,[2; 2; 11; 7305511]
321679438,0,483654,[2; 3229; 49811]
322439155,0,138126,[5; 43; 97; 15461]
323187236,0,392568,[2; 2; 2029; 39821]
325643857,0,46612,[7; 7; 7; 11; 17; 5077]
326887286,0,11547,[2; 11; 19; 709; 1103]
327805525,125,123224411,[5; 5; 13112221]
329005060,0,64145,[2; 2; 5; 2411; 6823]
332481465,78,76833405,[3; 3; 5; 7388477]
336148207,47,56831686,[53; 6342419]
336672135,78,79078484,[3; 3; 5; 7481603]
337073208,0,547799,[2; 2; 2; 3; 227; 61871]
338005752,47,42354997,[2; 2; 2; 3; 7; 2011939]
341511114,0,98784,[2; 3; 7; 739; 11003]
344719998,0,151382,[2; 3; 3; 7; 7; 23; 16993]
345854740,0,284804,[2; 2; 5; 7; 7; 11; 32083]
362001029,0,7697,[13; 193; 223; 647]
363092423,3453,3445150611,[363092423]
377873872,0,204409,[2; 2; 2; 2; 1031; 22907]
378007930,406,405411450,[2; 5; 37800793]
378589690,422,420799428,[2; 5; 37858969]
388376983,16,23796114,[151; 2572033]
389704118,0,319870,[2; 5407; 36037]
393084790,62,51117643,[2; 5; 7; 5615497]
393383149,0,53882,[31; 37; 59; 5813]
393592040,0,47895,[2; 2; 2; 5; 1889; 5209]
395110458,219,217138796,[2; 3; 3; 21950581]
396348184,453,458460714,[2; 2; 2; 49543523]
401597850,32,24900693,[2; 3; 5; 5; 2677319]
401941499,0,542668,[6571; 61169]
404524145,15,19578362,[5; 37; 2186617]
405527560,0,227501,[2; 2; 2; 5; 397; 25537]
405918699,0,361351,[3; 3313; 40841]
408516333,32,29495191,[3; 41; 3321271]
414994268,0,892900,[2; 2; 13; 79; 101021]
416377497,0,1892280,[3; 647; 214517]
419403382,1953,1953839489,[2; 209701691]
420106404,359,354195024,[2; 2; 3; 35008867]
420803242,1969,1970681422,[2; 210401621]
423175708,969,963512567,[2; 2; 105793927]
428145011,562,560185405,[7; 61163573]
438263546,0,558917,[2; 7; 7; 71; 62987]
439417018,0,810794,[2; 2393; 91813]
445258295,813,815720591,[5; 89051659]
445485090,0,11118,[2; 3; 5; 41; 373; 971]
446636880,0,5469010,[2; 2; 2; 2; 3; 3; 5; 620329]
447397210,0,1047276,[2; 5; 13; 29; 118673]
450179163,78,65117093,[3; 3; 7; 7145701]
451527979,0,12401,[7; 71; 809; 1123]
455398184,0,267272,[2; 2; 2; 31; 61; 30103]
460342617,0,52171,[3; 7; 3821; 5737]
467672338,0,105198,[2; 7; 2851; 11717]
469623042,0,379311,[2; 3; 3; 3; 7; 29; 42841]
469633081,4328,4335964137,[469633081]
470791963,4360,4358686890,[470791963]
472907332,0,252304,[2; 2; 4231; 27943]
475794909,0,559345,[3; 3; 29; 29; 62861]
476923464,0,242896,[2; 2; 2; 3; 3; 3; 3; 3; 3; 3; 27259]
477614411,4453,4442617308,[477614411]
477744038,0,118027,[2; 31; 587; 13127]
478423129,0,9836,[17; 113; 271; 919]
484224660,16,24857074,[2; 2; 3; 3; 5; 2690137]
488446156,0,58158,[2; 2; 11; 1759; 6311]
488762933,0,53026,[37; 2267; 5827]
489863307,1562,1563215191,[3; 163287769]
492591882,16,10202061,[2; 3; 73; 1124639]
493601582,2328,2329560748,[2; 246800791]
494572407,219,221064475,[3; 7; 23551067]
499942467,0,497338,[3; 3; 23; 43; 56167]
499967221,0,149672,[13; 29; 79; 16787]
499997760,0,5559,[2; 2; 2; 2; 2; 2; 3; 5; 31; 53; 317]
506223703,16,9963014,[449; 1127447]
506641862,0,15395,[2; 127; 1249; 1597]
507432959,0,2272446,[11; 179; 257711]
509499514,15,12594246,[2; 179; 1423183]
511189297,78,72357790,[67; 7629691]
513120146,0,1791358,[2; 7; 11; 17; 195997]
514465648,344,355290194,[2; 2; 2; 2; 32154103]
515103683,15,23852134,[193; 2668931]
517731550,0,1864911,[2; 5; 5; 7; 7; 211319]
518263575,0,1758430,[3; 5; 5; 41; 168541]
519445924,1219,1209933593,[2; 2; 129861481]
521396166,0,2089419,[2; 3; 367; 236783]
521598840,0,32500,[2; 2; 2; 3; 5; 7; 179; 3469]
524298005,16,12328684,[5; 7; 11; 1361813]
526400995,0,701319,[5; 1327; 79337]
526959121,0,11546,[13; 89; 419; 1087]
529131359,0,3536960,[1319; 401161]
529920096,47,49112039,[2; 2; 2; 2; 2; 3; 5520001]
533681231,0,1421455,[3313; 161087]
534076253,5094,5096021337,[534076253]
534119556,484,470214232,[2; 2; 3; 44509963]
537360170,500,499605935,[2; 5; 53736017]
539370171,0,31645,[3; 3; 3; 3; 23; 89; 3253]
539786106,0,359213,[2; 3; 3; 3; 3; 3; 29; 38299]
540176941,5016,5024827567,[540176941]
542996130,0,3011825,[2; 3; 5; 53; 341507]
543161576,16,1640831,[2; 2; 2; 379; 179143]
545794935,0,1607476,[3; 5; 7; 29; 179243]
546550178,0,72698,[2; 149; 229; 8009]
547903993,47,53919072,[7; 13; 6020923]
549952880,0,47040,[2; 2; 2; 2; 5; 1361; 5051]
550288736,0,391712,[2; 2; 2; 2; 2; 389; 44207]
552099189,1750,1748812568,[3; 184033063]
553755198,890,890304643,[2; 3; 92292533]
555607452,0,1518528,[2; 2; 3; 271; 170851]
559727507,32,24114702,[211; 2652737]
561115319,5703,5699390494,[561115319]
562873561,5344,5350312536,[562873561]
563939804,0,144540,[2; 2; 67; 131; 16063]
564680604,0,12401,[2; 2; 3; 109; 349; 1237]
572474746,0,546088,[2; 4637; 61729]
574403347,0,3421,[7; 53; 73; 127; 167]
575342674,0,285659,[2; 37; 241; 32261]
576351129,0,52599,[3; 139; 239; 5783]
578804679,16,11021835,[3; 3; 53; 1213427]
585383338,0,10691,[2; 17; 43; 431; 929]
588333106,2859,2862959167,[2; 294166553]
591457239,609,610185640,[3; 3; 65717471]
592365583,0,387437,[13537; 43759]
592407106,16,9429327,[2; 311; 952423]
593031790,0,1011354,[2; 5; 13; 41; 111263]
599627701,0,7830404,[677; 885713]
600200861,16,1294448,[13; 17; 19; 142939]
601854368,0,53882,[2; 2; 2; 2; 2; 3209; 5861]
604084724,0,37204,[2; 2; 31; 1217; 4003]
604207542,953,963553620,[2; 3; 100701257]
604864280,141,139341931,[2; 2; 2; 5; 15121607]
605224630,562,558781055,[2; 5; 60522463]
612184632,0,319443,[2; 2; 2; 3; 709; 35977]
613136189,0,210823,[83; 311; 23753]
613141250,0,141974,[2; 5; 5; 5; 5; 31; 15823]
614524851,0,3849,[3; 3; 41; 41; 151; 269]
616832690,641,632367437,[2; 5; 61683269]
620361557,0,6716418,[821; 755617]
623259296,0,22665,[2; 2; 2; 2; 2; 11; 757; 2339]
623360088,0,5929144,[2; 2; 2; 3; 3; 13; 665983]
623567329,0,304048,[7; 11; 11; 23; 32009]
626932335,406,406542969,[3; 5; 41795489]
627703632,0,66283,[2; 2; 2; 2; 3; 3; 601; 7253]
629419738,2906,2894115288,[2; 314709869]
630512978,0,3253439,[2; 863; 365303]
635689805,32,24677467,[5; 47; 2705063]
636048009,31,33678306,[3; 3; 19; 3719579]
638584815,31,34920582,[3; 5; 11; 3870211]
644152221,672,668540985,[3; 3; 71572469]
644407132,1500,1506452781,[2; 2; 161101783]
646572977,94,95398275,[61; 10599557]
646606461,0,439180,[3; 19; 229; 49537]
649613042,250,248617780,[2; 13; 24985117]
652712780,0,120593,[2; 2; 5; 2447; 13337]
661827017,0,184738,[17; 1879; 20719]
662902280,0,127863,[2; 2; 2; 5; 4049; 4093]
663881989,0,148389,[101; 1087; 6047]
664596657,15,5040520,[3; 3; 3; 3; 17; 482641]
666610534,0,38915,[2; 89; 907; 4129]
671653952,0,288225,[2; 2; 2; 2; 2; 2; 17; 19; 32491]
678919410,0,127007,[2; 3; 3; 5; 13; 41; 14153]
683634617,422,417803852,[17; 40213801]
685015953,2141,2140268614,[3; 228338651]
685709733,0,448588,[3; 4513; 50647]
687153762,0,4740321,[2; 3; 3; 71; 537679]
690070167,16,23703318,[3; 3; 29; 2643947]
695307311,6563,6562810222,[695307311]
695849358,0,754346,[2; 3; 1361; 85213]
696406541,31,44921227,[139; 5010119]
696620266,16,631187,[2; 89; 89; 43973]
698970160,0,258291,[2; 2; 2; 2; 5; 7; 43; 29027]
699817709,0,256581,[19; 1277; 28843]
702066118,0,219804,[2; 13; 1103; 24481]
703467792,0,42763,[2; 2; 2; 2; 3; 3; 1049; 4657]
704203091,0,68849,[199; 463; 7643]
707462002,234,245859542,[2; 13; 27210077]
711210709,594,591401394,[11; 64655519]
715370141,0,1571554,[4051; 176591]
716704504,0,458851,[2; 2; 2; 37; 47; 51517]
720130117,0,21809,[7; 7; 29; 229; 2213]
721966781,16,3481367,[31; 61; 381791]
723427815,0,284376,[3; 5; 11; 137; 32003]
726347242,3266,3268355221,[2; 363173621]
727949365,0,211251,[5; 11; 13; 43; 23677]
734932684,1656,1650582929,[2; 2; 183733171]
736428570,0,8125,[2; 3; 5; 107; 383; 599]
737876687,0,174047,[17; 2237; 19403]
738374728,0,29079,[2; 2; 2; 7; 7; 7; 7; 13; 2957]
743274128,422,421092357,[2; 2; 2; 2; 46454633]
749191579,0,53026,[191; 683; 5743]
749819267,0,385726,[17417; 43051]
752048719,15,16064066,[421; 1786339]
752419540,0,7270,[2; 2; 5; 113; 577; 577]
753915456,0,8125,[2; 2; 2; 2; 2; 2; 3; 3; 7; 17; 17; 647]
755174533,6766,6763111789,[755174533]
760792365,47,50229019,[3; 3; 3; 5; 5635499]
760960669,969,976989449,[7; 108708667]
762934842,16,5329174,[2; 3; 3; 3; 29; 487187]
763751354,0,60296,[2; 61; 953; 6569]
768871000,0,3421,[2; 2; 2; 5; 5; 5; 53; 89; 163]
769281351,2281,2290532742,[3; 256427117]
770832837,766,764419921,[3; 3; 85648093]
775340201,15,13148459,[19; 29; 1407151]
776165578,3454,3448835104,[2; 388082789]
779864628,0,93652,[2; 2; 3; 6287; 10337]
783328842,0,349377,[2; 3; 3; 1109; 39241]
783737060,15,20408826,[2; 2; 5; 17; 2305109]
785170740,125,121604106,[2; 2; 3; 5; 13086179]
785538774,0,71415,[2; 3; 3; 19; 499; 4603]
785574739,16,12967997,[541; 1452079]
794652846,0,4727920,[2; 3; 13; 19; 536203]
794811082,281,277155499,[2; 13; 30569657]
795523094,3563,3555612288,[2; 397761547]
799818207,0,2484125,[3; 947; 281527]
801048825,0,10461207,[3; 3; 3; 5; 5; 1186739]
801221946,0,11546,[2; 3; 7; 61; 277; 1129]
801387455,0,10691,[5; 11; 79; 181; 1019]
801548097,0,20527,[3; 7; 53; 337; 2137]
805382059,31,25377505,[283; 2845873]
808635936,0,390429,[2; 2; 2; 2; 2; 3; 191; 44101]
809127815,1438,1439642258,[5; 161825563]
811984220,0,165067,[2; 2; 5; 47; 47; 18379]
815317404,62,54811117,[2; 2; 3; 11; 6176647]
815466402,406,409578742,[2; 3; 3; 45303689]
819890936,0,10264,[2; 2; 2; 23; 47; 113; 839]
821372738,3657,3660239758,[2; 410686369]
821802149,15,4039858,[7; 263; 446389]
822434750,16,29184301,[2; 5; 5; 5; 3289739]
822558439,16,15179292,[479; 1717241]
823513456,31,26908433,[2; 2; 2; 2; 17; 3027623]
824795559,0,13685,[3; 3; 7; 97; 139; 971]
826692257,0,733392,[9949; 83093]
826929089,16,5814966,[7; 181; 652667]
827998177,0,9441301,[773; 1071149]
828982334,78,79984212,[2; 47; 8818961]
831043553,7406,7399649511,[831043553]
831270904,938,931969438,[2; 2; 2; 103908863]
839699596,1875,1885472807,[2; 2; 209924899]
841570047,281,279612256,[3; 3; 3; 31169261]
844775671,328,331282829,[23; 36729377]
849404151,0,623063,[3; 3; 3; 3; 149; 70379]
852863316,16,13515368,[2; 2; 3; 47; 1512169]
855396142,3844,3830980706,[2; 427698071]
858487056,0,3220510,[2; 2; 2; 2; 3; 7; 7; 365003]
859165883,406,402685284,[19; 45219257]
861891124,1922,1931731245,[2; 2; 215472781]
863203327,1094,1094617415,[7; 123314761]
863334952,16,15674919,[2; 2; 2; 61; 1769129]
866809960,0,5559,[2; 2; 2; 5; 137; 367; 431]
866949760,0,169770,[2; 2; 2; 2; 2; 2; 2; 5; 71; 19079]
867610150,0,71415,[2; 5; 5; 11; 199; 7927]
867729335,15,7388231,[5; 11; 19; 830363]
870062650,156,155605702,[2; 5; 5; 17401253]
870085478,0,50461,[2; 43; 1867; 5419]
873261104,500,507248608,[2; 2; 2; 2; 54578819]
877927325,32,28449626,[5; 5; 11; 3192463]
878089523,78,76380114,[103; 8525141]
878250092,1953,1955379826,[2; 2; 219562523]
879192282,78,68433393,[2; 3; 19; 7712213]
880182099,0,450726,[3; 3; 3; 641; 50857]
884965972,0,2566,[2; 2; 11; 29; 43; 127; 127]
890677707,2657,2663133983,[3; 296892569]
894116647,8203,8203339906,[894116647]
895529875,63,65302686,[5; 5; 5; 7164239]
895614017,140,131665048,[61; 14682197]
895697114,313,321519093,[2; 13; 34449889]
897009222,1406,1404676775,[2; 3; 149501537]
897952646,0,3468966,[2; 1279; 351037]
897993157,0,40198,[59; 3623; 4201]
901241752,47,48004896,[2; 2; 2; 23; 4898053]
901682620,0,80822,[2; 2; 5; 19; 269; 8821]
904075872,0,1695996,[2; 2; 2; 2; 2; 3; 7; 7; 192193]
913517499,0,34639,[3; 43; 1867; 3793]
913602567,15,22988314,[3; 127; 2397907]
914226388,47,35207524,[2; 2; 71; 3219107]
923899611,16,16621273,[3; 167; 1844111]
927877464,0,35921,[2; 2; 2; 3; 3; 3; 19; 107; 2113]
928741502,328,340401694,[2; 13; 35720827]
930269038,0,369048,[2; 53; 211; 41593]
930715525,344,335357325,[5; 5; 37228621]
939538149,250,254714129,[3; 11; 28470853]
940847489,0,561056,[31; 479; 63361]
942184191,0,277534,[3; 13; 773; 31253]
942495563,0,715859,[29; 401; 81047]
944666009,0,154804,[7; 7759; 17393]
945276292,2187,2182774565,[2; 2; 236319073]
947246542,391,388009745,[2; 11; 43056661]
955232363,0,127007,[17; 29; 137; 14143]
955250466,31,30503551,[2; 3; 47; 3387413]
955627293,0,2437941,[3; 1201; 265231]
959907847,0,424640,[19991; 48017]
962643932,94,93728792,[2; 2; 23; 10463521]
962867201,8641,8635271926,[962867201]
963637174,0,217238,[2; 19; 1039; 24407]
964451574,0,122303,[2; 3; 3; 3917; 13679]
964941331,0,578588,[29; 509; 65371]
966275846,0,2278860,[2; 1877; 257399]
970541148,0,2258334,[2; 2; 3; 317; 255137]
975188125,0,20098,[5; 5; 5; 5; 769; 2029]
975968719,16,7019182,[11; 151; 587579]
977171254,0,16678,[2; 17; 19; 1063; 1423]
977724230,0,6415,[2; 5; 7; 17; 19; 83; 521]
978095555,0,203553,[5; 37; 233; 22691]
980112099,0,5774340,[3; 503; 649511]
982762337,8750,8742395067,[982762337]
990405382,78,82920346,[2; 53; 9343447]
990762246,0,4372556,[2; 3; 3; 3; 37; 495877]
991640871,78,76109849,[3; 3; 13; 8475563]
996316964,2235,2225086372,[2; 2; 249079241]
1005212036,0,1078493,[2; 2; 29; 71; 122051]
1005783562,640,643404240,[2; 7; 71841683]
1007748224,16,10386799,[2; 2; 2; 2; 2; 2; 2; 7; 1124719]
1009950426,0,69705,[2; 3; 3; 31; 239; 7573]
1010923123,1281,1286293607,[7; 144417589]
1012128946,4485,4491099442,[2; 506064473]
1016042784,15,4993053,[2; 2; 2; 2; 2; 3; 19; 557041]
1016216220,0,573458,[2; 2; 3; 5; 263; 64399]
1016220111,157,158739404,[3; 19; 17828423]
1016931578,0,7697,[2; 13; 179; 353; 619]
1019815484,2265,2273426104,[2; 2; 254953871]
1021668331,0,69277,[83; 1619; 7603]
1022842586,157,156137252,[2; 29; 17635217]
1023789945,609,609159746,[3; 5; 68252663]
1024900215,0,345956,[3; 5; 1753; 38977]
1028714244,766,763092117,[2; 2; 3; 85726187]
1031545801,0,46184,[11; 13; 31; 47; 4951]
1031746486,0,1459086,[2; 3119; 165397]
1032092095,15,12249572,[5; 157; 1314767]
1032290927,9220,9217200802,[1032290927]
1033110997,0,1084052,[19; 443; 122741]
1035164582,4609,4599315188,[2; 517582291]
1038075359,9219,9231638150,[1038075359]
1040765498,4641,4638771681,[2; 520382749]
1041125487,0,889050,[3; 3449; 100621]
1042502499,0,686353,[3; 3; 1553; 74587]
1043956942,672,669658820,[2; 7; 74568353]
1044704034,16,15316562,[2; 3; 3; 3; 11; 1758761]
1045779539,1344,1335238014,[7; 149397077]
1047279890,0,70560,[2; 5; 83; 163; 7741]
1047980775,125,129186054,[3; 5; 5; 13973077]
1049045614,31,23876509,[2; 199; 2635793]
1049811037,0,22664,[11; 61; 677; 2311]
1054658416,0,19244,[2; 2; 2; 2; 7; 41; 241; 953]
1058492473,15,26176752,[359; 2948447]
1062839627,0,22665,[293; 1571; 2309]
1065116296,1235,1222262705,[2; 2; 2; 133139537]
1070727629,0,13941720,[677; 1581577]
1076485605,0,799247,[3; 5; 13; 61; 90499]
1076816290,0,45329,[2; 5; 11; 2039; 4801]
1078772435,0,3132419,[5; 13; 47; 353117]
1081518500,0,467403,[2; 2; 5; 5; 5; 41; 52757]
1081957521,0,1041289,[3; 3079; 117133]
1082106870,0,9836,[2; 3; 5; 13; 29; 241; 397]
1082682075,125,129191614,[3; 5; 5; 14435761]
1083698400,0,3981699,[2; 2; 2; 2; 2; 3; 5; 5; 451541]
1085936683,0,10691,[13; 131; 601; 1061]
1091392141,218,207368217,[7; 7; 22273309]
1092288360,78,82332349,[2; 2; 2; 3; 5; 9102403]
1093313552,0,1643397,[2; 2; 2; 2; 367; 186191]
1095227818,0,36777,[2; 107; 1283; 3989]
1097303652,0,17961,[2; 2; 3; 3; 3; 31; 179; 1831]
1097882679,0,66711,[3; 59; 839; 7393]
1098478046,0,300199,[2; 19; 853; 33889]
1102919879,94,91616709,[109; 10118531]
1104834415,2000,1991557652,[5; 220966883]
1106564770,1016,1014990278,[2; 5; 110656477]
1111993517,62,72036209,[137; 8116741]
1114085434,63,64264391,[2; 7; 11; 7234321]
1117483623,0,378456,[3; 3; 2909; 42683]
1118439218,0,85099,[2; 13; 19; 239; 9473]
1119835174,0,464838,[2; 29; 367; 52609]
1121856664,1313,1299599008,[2; 2; 2; 140232083]
1126412990,0,5548550,[2; 5; 179; 629281]
1128369090,0,3042187,[2; 3; 5; 109; 345067]
1130958039,0,43191,[3; 47; 1699; 4721]
1136909917,78,70507845,[11; 13; 7950419]
1139501983,0,34638,[383; 797; 3733]
1140044725,406,411099408,[5; 5; 45601789]
1141046674,5078,5075199844,[2; 570523337]
1142925901,782,783011731,[13; 87917377]
1143490070,0,6765595,[2; 5; 149; 767443]
1144073955,703,699449079,[3; 5; 76271597]
1144854461,78,77452192,[163; 7023647]
1147624552,0,3093931,[2; 2; 2; 409; 350741]
1148129170,0,78685,[2; 5; 17; 773; 8737]
1150229624,1297,1299569928,[2; 2; 2; 143778703]
1152171246,78,74137601,[2; 3; 23; 8349067]
1152901113,0,82105,[3; 7; 13; 467; 9043]
1157022699,0,408391,[3; 7; 1193; 46183]
1157492978,0,1943169,[2; 37; 71; 220307]
1159744537,16,2083005,[7; 733; 226027]
1160530626,0,3273965,[2; 3; 521; 371251]
1163644332,875,872121650,[2; 2; 3; 96970361]
1165104707,46,47337787,[13; 17; 5271967]
1169030876,204,212195349,[2; 2; 13; 22481363]
1169174105,0,2259617,[5; 11; 83; 256117]
1170735740,0,549937,[2; 2; 5; 941; 62207]
1171100319,3484,3482967985,[3; 390366773]
1171800784,0,764181,[2; 2; 2; 2; 7; 11; 11; 86467]
1173844922,16,3754198,[2; 1483; 395767]
1174904719,0,1397080,[7417; 158407]
1178276074,5297,5296097114,[2; 589138037]
1182757340,0,82533,[2; 2; 5; 41; 163; 8849]
1183462161,0,26941,[3; 7; 7; 7; 397; 2897]
1186381163,78,87445567,[11; 11; 9804803]
1187481748,63,51926726,[2; 2; 53; 5601329]
1195625036,2781,2779650101,[2; 2; 298906259]
1199119976,31,37856716,[2; 2; 2; 37; 4051081]
1200190697,10876,10877080065,[1200190697]
1204492588,0,4981935,[2; 2; 13; 41; 564959]
1207722774,16,29307459,[2; 3; 61; 3299789]
1208944297,0,1597640,[11; 607; 181061]
1209801776,0,10951703,[2; 2; 2; 2; 61; 1239551]
1212330430,0,11118,[2; 5; 163; 701; 1061]
1213287667,0,1297442,[73; 113; 147083]
1216880632,125,125561002,[2; 2; 2; 11; 13828189]
1216927272,0,21382,[2; 2; 2; 3; 11; 2141; 2153]
1217588169,531,520348744,[3; 7; 57980389]
1220165779,0,16678,[7; 233; 457; 1637]
1220316870,359,366734105,[2; 3; 5; 40677229]
1221717057,0,50461,[3; 11; 41; 167; 5407]
1231568595,0,158225,[3; 3; 5; 1543; 17737]
1232157818,5657,5651222669,[2; 616078909]
1232449043,0,59442,[7; 23; 1187; 6449]
1232719447,11078,11074404445,[1232719447]
1237070652,922,933436650,[2; 2; 3; 103089221]
1238289166,0,24802,[2; 19; 47; 277; 2503]
1238748410,16,4334497,[2; 5; 263; 471007]
1241290852,0,132995,[2; 2; 59; 419; 12553]
1242141031,11079,11091794176,[1242141031]
1242705238,15,5933420,[2; 967; 642557]
1253649086,0,773589,[2; 23; 311; 87631]
1257977648,0,369476,[2; 2; 2; 2; 1987; 39569]
1260079511,0,738097,[37; 409; 83267]
1260476130,16,16495121,[2; 3; 5; 23; 1826777]
1262423952,78,78344236,[2; 2; 2; 2; 3; 3; 8766833]
1266873264,31,26488925,[2; 2; 2; 2; 3; 3; 3; 2932577]
1267210513,11298,11300317432,[1267210513]
1267363303,0,1267079,[8831; 143513]
1271205124,0,1025038,[2; 2; 7; 17; 23; 116113]
1273145124,31,32585273,[2; 2; 3; 29; 3658463]
1279304881,11391,11386641744,[1279304881]
1279413838,5688,5688019282,[2; 639706919]
1284426865,0,319015,[5; 7151; 35923]
1285066404,109,106182773,[2; 2; 3; 3; 3; 11898763]
1285982433,0,296350,[3; 3; 3; 1427; 33377]
1288105902,0,888623,[2; 3; 3; 3; 3; 79; 100649]
1289353060,16,15573143,[2; 2; 5; 37; 1742369]
1290322826,0,1219612,[2; 13; 359; 138239]
1293191967,31,21258535,[3; 181; 2381569]
1296974569,32,36722203,[11; 29; 4065751]
1298111060,0,5643056,[2; 2; 5; 103; 630151]
1298348638,15,15922947,[2; 379; 1712861]
1300738206,0,839017,[2; 3; 2309; 93889]
1301814665,2344,2330303120,[5; 260362933]
1304478018,641,644082039,[2; 3; 3; 72471001]
1306322969,1656,1664185962,[7; 186617567]
1306501982,0,268126,[2; 23; 23; 41; 30119]
1310610116,0,184310,[2; 2; 15773; 20773]
1319524748,31,22446502,[2; 2; 131; 2518177]
1321434890,0,4532919,[2; 5; 257; 514177]
1321968443,11813,11815555097,[1321968443]
1323526617,0,147961,[3; 3; 7; 31; 41; 16529]
1325081223,0,1120829,[3; 3; 19; 61; 127033]
1325869931,297,288845299,[41; 32338291]
1326523758,0,299344,[2; 3; 7; 23; 41; 33493]
1326960857,719,713159021,[17; 78056521]
1330237242,0,749214,[2; 3; 3; 3; 3; 97; 84653]
1332024558,1969,1971003858,[2; 3; 222004093]
1339008881,0,315166,[7; 5387; 35509]
1342417954,16,15231036,[2; 17; 23; 1716647]
1344539865,31,34831207,[3; 5; 23; 3897217]
1346571438,2000,1995548759,[2; 3; 224428573]
1348552499,1719,1716748580,[7; 192650357]
1352904010,0,11118,[2; 5; 277; 503; 971]
1355276638,6047,6046633473,[2; 677638319]
1357967245,78,78024366,[5; 31; 8761079]
1368645018,0,222797,[2; 3; 13; 701; 25031]
1373474747,0,6619345,[31; 59; 750943]
1380260464,0,4066798,[2; 2; 2; 2; 11; 17; 461317]
1384881396,0,165067,[2; 2; 3; 6199; 18617]
1385799089,0,2003465,[47; 131; 225077]
1385954132,62,52119161,[2; 2; 59; 5872687]
1391996560,0,1583101,[2; 2; 2; 2; 5; 97; 179381]
1393954727,125,125765839,[11; 11; 11520287]
1394798952,0,375462,[2; 2; 2; 3; 1381; 42083]
1395121618,0,25230,[2; 11; 29; 823; 2657]
1400749245,63,68722046,[3; 3; 5; 7; 4446823]
1400785803,16,12991945,[3; 3; 149; 1044583]
1400875232,0,147106,[2; 2; 2; 2; 2; 47; 59; 15787]
1403402201,593,586083768,[23; 61017487]
1404254300,0,134277,[2; 2; 5; 5; 941; 14923]
1405280667,0,366054,[3; 7; 1619; 41333]
1405680712,1563,1569291013,[2; 2; 2; 175710089]
1410274559,0,343818,[17; 2141; 38747]
1411877004,0,28224,[2; 2; 3; 19; 2039; 3037]
1413449936,16,4893842,[2; 2; 2; 2; 163; 541967]
1416641216,0,10447951,[2; 2; 2; 2; 2; 2; 19; 1165001]
1416694840,31,28880253,[2; 2; 2; 5; 11; 3219761]
1419166810,0,3467255,[2; 5; 19; 19; 393121]
1420499391,140,136150072,[3; 31; 15274187]
1421269265,0,15395,[5; 13; 29; 499; 1511]
1432732538,0,89803,[2; 197; 373; 9749]
1434946870,32,26396556,[2; 5; 7; 7; 2928463]
1439491571,0,456285,[7; 7; 571; 51449]
1448653503,0,38915,[3; 11; 11; 941; 4241]
1450199204,3234,3230184623,[2; 2; 362549801]
1451928299,0,26514,[17; 113; 271; 2789]
1453145176,0,2566,[2; 2; 2; 7; 7; 17; 17; 101; 127]
1455434523,0,1831128,[3; 3; 19; 41; 207593]
1456589339,12954,12961867887,[1456589339]
1456654527,0,33356,[3; 3; 109; 421; 3527]
1460796129,16,2652185,[3; 3; 13; 43; 290359]
1463249667,390,394997710,[3; 11; 44340899]
1463382484,3282,3289159609,[2; 2; 365845621]
1469108894,0,10263,[2; 11; 163; 499; 821]
1470344790,0,58586,[2; 3; 5; 17; 449; 6421]
1472252471,578,574991800,[23; 64010977]
1473415486,0,368193,[2; 17749; 41507]
1480375895,0,408818,[5; 17; 379; 45953]
1481088588,15,7416027,[2; 2; 3; 7; 23; 766609]
1482705499,0,1196519,[11; 997; 135197]
1483141731,0,306186,[3; 14293; 34589]
1487976572,79,73491019,[2; 2; 47; 7914769]
1489247292,78,84554762,[2; 2; 3; 13; 9546457]
1490249961,0,993394,[3; 3; 3; 541; 102023]
1493738668,3359,3357359087,[2; 2; 373434667]
1493876646,0,5265456,[2; 3; 3; 139; 597073]
1496700706,391,393994481,[2; 17; 44020609]
1498939502,0,2776199,[2; 2381; 314771]
1499139070,0,139409,[2; 5; 11; 13; 67; 15647]
1500245031,0,31645,[3; 31; 37; 127; 3433]
1500789634,171,181951371,[2; 37; 20280941]
1501441494,329,329227193,[2; 3; 7; 35748607]
1501850540,0,249739,[2; 2; 5; 2677; 28051]
1506170799,218,215121220,[3; 3; 7; 23907473]
1506393413,32,20945507,[7; 97; 2218547]
1507150530,0,120592,[2; 3; 3; 3; 5; 421; 13259]
1510149631,13219,13232412595,[1510149631]
1510988725,547,536806234,[5; 5; 60439549]
1518439651,0,737668,[109; 167; 83417]
1518617014,6766,6770162616,[2; 759308507]
1519356100,0,103915,[2; 2; 5; 5; 1319; 11519]
1521115654,6781,6778430917,[2; 760557827]
1523525281,13548,13545005257,[1523525281]
1526247388,0,22236,[2; 2; 337; 499; 2269]
1527498463,13407,13411888393,[1527498463]
1528784624,859,850278539,[2; 2; 2; 2; 95549039]
1529548497,78,88039978,[3; 3; 17; 9997049]
1531673479,0,322436,[7; 6029; 36293]
1532255148,0,523424,[2; 2; 3; 3; 719; 59197]
1534385455,0,91941,[5; 31; 31; 31; 10301]
1535033683,0,1290599,[17; 617; 146347]
1537176136,1735,1722395485,[2; 2; 2; 192147017]
1541550496,0,93224,[2; 2; 2; 2; 2; 4663; 10331]
1542519003,0,27797,[3; 79; 2153; 3023]
1543033712,0,324574,[2; 2; 2; 2; 11; 239; 36683]
1545164823,0,7520797,[3; 617; 834773]
1546731010,0,1159743,[2; 5; 11; 107; 131413]
1547478233,0,1347902,[7; 1447; 152777]
1550259841,15,1561719,[13; 743; 160499]
1550510920,0,998098,[2; 2; 2; 5; 7; 7; 7; 113011]
1551339970,1407,1409063443,[2; 5; 155133997]
1551773882,218,226239700,[2; 31; 25028611]
1558297272,94,82792055,[2; 2; 2; 3; 7; 9275579]
1558536138,0,8576198,[2; 3; 3; 89; 972869]
1561827169,16,8069023,[7; 251; 888917]
1567116032,0,3175182,[2; 2; 2; 2; 2; 2; 2; 2; 17; 360091]
1567336109,0,1007933,[13721; 114229]
1571577190,15,19916192,[2; 5; 71; 2213489]
1579967884,0,9408,[2; 2; 11; 127; 337; 839]
1580974743,0,135987,[3; 19; 1847; 15017]
1582631324,94,87342080,[2; 2; 41; 9650191]
1583385446,47,55902438,[2; 137; 5778779]
1584149594,7079,7065248803,[2; 792074797]
1586967387,46,56620008,[3; 83; 6373363]
1588765644,0,3506170,[2; 2; 3; 3; 3; 37; 397589]
1591670178,16,379312,[2; 3; 3; 7; 1787; 7069]
1592179589,0,4277,[7; 7; 7; 11; 11; 13; 13; 227]
1592234749,0,292074,[7; 61; 113; 32999]
1593257927,0,29079,[31; 107; 151; 3181]
1594099159,14188,14198687677,[1594099159]
1596849263,0,449016,[41; 769; 50647]
1601546157,94,83502783,[3; 3; 19; 9365767]
1603611763,0,370331,[13; 13; 227; 41801]
1604221519,14266,14276363949,[1604221519]
1605688592,0,29507,[2; 2; 2; 2; 109; 307; 2999]
1607420504,0,446450,[2; 2; 2; 23; 173; 50497]
1609470860,0,8125,[2; 2; 5; 227; 461; 769]
1611404522,16,6268257,[2; 7; 13; 13; 681067]
1611719006,0,35494,[2; 313; 677; 3803]
1614706371,1656,1655090618,[3; 3; 179411819]
1615258720,0,127435,[2; 2; 2; 2; 2; 5; 23; 31; 14159]
1616744485,0,154804,[5; 19; 977; 17419]
1616871962,7188,7190684082,[2; 808435981]
1619305743,31,25618262,[3; 11; 17; 2886463]
1621520487,1594,1600165751,[3; 3; 180168943]
1626770539,0,5131,[31; 43; 43; 101; 281]
1630036666,0,1077210,[2; 6679; 122027]
1631749848,0,4719367,[2; 2; 2; 3; 127; 535351]
1631773807,14532,14523921624,[1631773807]
1635785021,0,257008,[13; 4349; 28933]
1636564259,0,3421,[11; 19; 19; 19; 109; 199]
1642023711,0,1536916,[3; 3; 3; 349; 174257]
1642752926,16,16553707,[2; 439; 1871017]
1648315126,109,103543844,[2; 71; 11607853]
1648526300,141,149105240,[2; 2; 5; 5; 16485263]
1648942759,15,7970668,[19; 103; 842587]
1649190530,110,114970222,[2; 5; 13; 12686081]
1650279950,0,78684,[2; 5; 5; 11; 347; 8647]
1651134814,1062,1053950289,[2; 7; 117938201]
1654742719,125,123395891,[7; 17; 13905401]
1655789824,0,30790,[2; 2; 2; 2; 2; 2; 2; 2; 13; 157; 3169]
1657826990,0,124441,[2; 5; 31; 383; 13963]
1658791768,0,20526,[2; 2; 2; 193; 499; 2153]
1660014232,0,2625244,[2; 2; 2; 17; 41; 297707]
1663278000,0,2444783,[2; 2; 2; 2; 3; 5; 5; 5; 277213]
1668028874,7423,7429225097,[2; 834014437]
1668030753,15,10007488,[3; 499; 1114249]
1669487286,0,1793069,[2; 3; 37; 37; 203249]
1669583691,16,5666576,[3; 3; 3; 97; 637489]
1671770441,0,4768117,[11; 281; 540851]
1674076125,0,966880,[3; 5; 5; 5; 41; 108883]
1674486862,0,1015203,[2; 71; 103; 114487]
1676170193,14969,14961721637,[1676170193]
1679943397,1391,1399598623,[11; 152722127]
1683170166,2906,2898507942,[2; 3; 280528361]
1695652078,0,2555112,[2; 2927; 289657]
1697707030,1610,1609763566,[2; 5; 169770703]
1698643569,750,746804398,[3; 7; 80887789]
1699656471,1829,1833077822,[3; 3; 188850719]
1700711278,1125,1128751578,[2; 7; 121479377]
1700997386,0,988262,[2; 11; 691; 111893]
1701598442,453,448956979,[2; 17; 50047013]
1710369670,0,2496527,[2; 5; 631; 271057]
1711184902,0,1632278,[2; 7; 661; 184913]
1711822661,15235,15226976513,[1711822661]
1712143448,32,40838179,[2; 2; 2; 47; 4553573]
1713241238,7625,7625119043,[2; 856620619]
1715869088,0,11974,[2; 2; 2; 2; 2; 73; 691; 1063]
1716406761,16,4320813,[3; 1277; 448031]
1717942241,15282,15288013978,[1717942241]
1721384230,0,480233,[2; 5; 19; 167; 54251]
1724561594,0,189014,[2; 7; 53; 109; 21323]
1724982106,15,9030772,[2; 23; 37; 1013503]
1727323776,16,13363986,[2; 2; 2; 2; 2; 2; 2; 3; 3; 1499413]
1728182503,0,3456137,[4409; 391967]
1730202919,15391,15398425196,[1730202919]
1730411030,0,175330,[2; 5; 8839; 19577]
1737250776,0,7270,[2; 2; 2; 3; 3; 173; 211; 661]
1738221303,63,56407046,[3; 7; 13; 6367111]
1739599172,0,13257,[2; 2; 419; 809; 1283]
1744581307,15,8588171,[7; 263; 947627]
1746460203,0,1047275,[3; 4909; 118589]
1748368575,0,23947,[3; 3; 5; 5; 23; 131; 2579]
1750034562,0,1514252,[2; 3; 1699; 171673]
1755829070,47,54648615,[2; 5; 29; 6054583]
1756956714,0,691912,[2; 3; 19; 197; 78233]
1761178900,0,77402,[2; 2; 5; 5; 13; 157; 8629]
1763617526,719,719349449,[2; 11; 80164433]
1764466949,0,1558725,[7; 1427; 176641]
1765937840,203,197207209,[2; 2; 2; 2; 5; 22074223]
1767227216,16,14781592,[2; 2; 2; 2; 73; 1513037]
1767359909,2250,2252227866,[7; 252479987]
1767607360,47,48997861,[2; 2; 2; 2; 2; 2; 5; 5523773]
1776407700,62,52965876,[2; 2; 3; 5; 5; 5921359]
1779627460,0,21809,[2; 2; 5; 13; 13; 239; 2203]
1779832962,0,311318,[2; 3; 3; 53; 53; 35201]
1782052047,0,120166,[3; 3; 17; 19; 47; 13043]
1783437985,0,1979517,[5; 7; 227; 224473]
1785559701,16,12621614,[3; 419; 1420493]
1788181883,0,90230,[163; 1093; 10037]
1789684246,0,184310,[2; 7; 61; 101; 20749]
1790866367,0,1485600,[10631; 168457]
1792759393,0,1519810,[101; 103; 172331]
1793877318,0,25231,[2; 3; 3; 23; 1609; 2693]
1794898271,15985,15990899951,[1794898271]
1795398020,62,61380855,[2; 2; 5; 13; 6905377]
1799295523,0,32927,[491; 1039; 3527]
1799829652,16,16907788,[2; 2; 239; 1882667]
1800343979,0,397699,[7; 17; 337; 44893]
1800475348,594,580159755,[2; 2; 7; 64302691]
1801922705,0,493917,[5; 11; 587; 55813]
1807710820,797,798695632,[2; 2; 5; 90385541]
1813629226,0,601681,[2; 13331; 68023]
1814136521,0,86382,[17; 17; 653; 9613]
1814463477,0,654280,[3; 3; 3; 907; 74093]
1818769237,390,400217409,[43; 42296959]
1819400050,0,10691,[2; 5; 5; 13; 23; 131; 929]
1819465060,0,151810,[2; 2; 5; 7; 7; 109; 17033]
1820521222,657,654326009,[2; 13; 70020047]
1821972349,16188,16186205044,[1821972349]
1827916702,0,655990,[2; 109; 113; 74203]
1828915827,188,187628638,[3; 29; 21022021]
1831069067,15,5118350,[3319; 551693]
1834108923,0,3625053,[3; 1487; 411143]
1834551879,0,3023371,[3; 1783; 342971]
1835622763,1266,1261774792,[13; 141201751]
1835975318,0,88948,[2; 149; 659; 9349]
1836018608,47,44386257,[2; 2; 2; 2; 23; 4989181]
1837668111,5484,5490395557,[3; 612556037]
1837721610,16,9529393,[2; 3; 3; 5; 19; 1074691]
1843192148,0,125297,[2; 2; 7; 37; 127; 14009]
1844288779,0,156514,[311; 337; 17597]
1844792815,0,1572837,[5; 2069; 178327]
1846600107,0,326712,[3; 11; 37; 41; 36887]
1849967914,0,4748447,[2; 17; 101; 538721]
1850820956,0,239902,[2; 2; 37; 461; 27127]
1851371951,16,6366185,[11; 13; 19; 681403]
1851877909,15,17095947,[7; 137; 1931051]
1853131443,5500,5498854155,[3; 617710481]
1856990827,0,41481,[67; 79; 79; 4441]
1858057174,0,55593,[2; 73; 2069; 6151]
1858454063,0,5831643,[53; 53; 661607]
1859365386,0,1515962,[2; 3; 3; 601; 171877]
1860871284,469,463663309,[2; 2; 3; 3; 51690869]
1863176075,0,105626,[5; 5; 6353; 11731]
1866126595,0,238192,[5; 13873; 26903]
1867009543,16,23729403,[7; 101; 2640749]
1869803497,16,3779429,[17; 263; 418207]
1870177941,1859,1856871798,[3; 3; 207797549]
1870961996,0,135132,[2; 2; 17; 19; 97; 14929]
1871213430,0,103059,[2; 3; 5; 61; 89; 11489]
1872281553,0,92797,[3; 17; 3533; 10391]
1874396648,62,68042963,[2; 2; 2; 31; 7558051]
1875053147,0,487930,[11; 11; 281; 55147]
1876712747,204,210757643,[7; 13; 20623217]
1876752997,0,17106,[7; 239; 677; 1657]
1876830094,8359,8357955636,[2; 938415047]
1878984219,813,802692725,[3; 7; 89475439]
1880067342,0,20954,[2; 3; 389; 397; 2029]
1881032646,47,53260516,[2; 3; 53; 5915197]
1881225924,15,5894077,[2; 2; 3; 251; 624577]
1883225167,1000,1009642716,[17; 110777951]
1883648823,797,799241292,[3; 7; 89697563]
1887300066,16,16809432,[2; 3; 167; 1883533]
1887814980,16,5720885,[2; 2; 3; 3; 5; 17; 616933]
1888084696,0,5303515,[2; 2; 2; 409; 577043]
1892341516,0,191580,[2; 2; 13; 1777; 20479]
1894809772,0,382304,[2; 2; 29; 383; 42649]
1897762014,0,409673,[2; 3; 3; 3; 761; 46181]
1902417892,4250,4238281443,[2; 2; 475604473]
1904259903,0,18816,[3; 7; 7; 13; 557; 1789]
1905259861,0,53026,[283; 1153; 5839]
1912976445,0,1337639,[3; 5; 29; 29; 151643]
1913513697,0,47895,[3; 3; 61; 661; 5273]
1917431121,47,50308559,[3; 113; 5656139]
1919619193,15,10369693,[1663; 1154311]
1920521096,157,163993741,[2; 2; 2; 13; 18466549]
1922071303,0,192007,[167; 563; 20443]
1922331920,218,218237387,[2; 2; 2; 2; 5; 24029149]
1925629338,172,166748131,[2; 3; 17; 18878719]
1928648795,16,6901156,[5; 523; 737533]
1929559047,453,452905323,[3; 13; 49475873]
1929886104,0,22665,[2; 2; 2; 3; 17; 2081; 2273]
1932194151,0,79113,[3; 3; 19; 1283; 8807]
1935198221,16,25437373,[11; 61; 2884051]
1935675907,1593,1598121233,[11; 175970537]
1938107274,157,150757618,[2; 3; 19; 17000941]
1939433542,515,509586483,[2; 17; 57042163]
1942850985,0,1281191,[3; 5; 19; 47; 145043]
1946211260,125,123470727,[2; 2; 5; 7; 13901509]
1948833542,0,6842,[2; 103; 127; 163; 457]
1950076453,0,258718,[13; 37; 139; 29167]
1951112879,422,427921670,[41; 47588119]
1954715447,563,560051983,[31; 63055337]
1957433383,0,313028,[59; 941; 35257]
1965383813,17548,17541221126,[1965383813]
1966095523,0,12441152,[7; 199; 1411411]
1966463654,15,1819583,[2; 5059; 194353]
1967745067,0,513588,[33863; 58109]
1969090878,0,562766,[2; 3; 19; 271; 63737]
1970195255,500,508883880,[5; 7; 56291293]
1970679522,0,1153756,[2; 3; 7; 359; 130699]
1974139081,0,1042999,[16699; 118219]
1976833352,172,170615651,[2; 2; 2; 13; 19008013]
1980653023,16,5749965,[31; 103; 620311]
1981208687,17626,17633234678,[1981208687]
1984546484,4437,4429534277,[2; 2; 496136621]
1985534794,8829,8828705693,[2; 992767397]
1985552279,47,58587978,[307; 6467597]
1987986801,0,5452760,[3; 29; 37; 617579]
1991391409,0,2073596,[7; 7; 173; 234917]
1993998601,47,52559196,[7; 7; 7; 5813407]
1996298215,3578,3577680762,[5; 399259643]
1998999816,0,348094,[2; 2; 2; 3; 11; 193; 39233]
1999111757,63,48949539,[367; 5447171]
2002774595,3563,3569144762,[5; 400554919]
2008153840,0,2875410,[2; 2; 2; 2; 5; 7; 11; 325999]
2014082040,0,448588,[2; 2; 2; 3; 5; 331; 50707]
2014406433,156,152716180,[3; 3; 13; 17217149]
2016318774,0,35921,[2; 3; 37; 2377; 3821]
2018086783,17938,17945413392,[2018086783]
2020709652,0,73981,[2; 2; 3; 13; 1597; 8111]
2022205057,797,787136687,[23; 87921959]
2022475219,297,302193035,[59; 34279241]
2024923345,16,10511668,[5; 359; 1128091]
2026360454,9094,9102167719,[2; 1013180227]
2026982753,625,622445475,[29; 69895957]
2031843970,0,3362057,[2; 5; 13; 41; 381209]
2032243973,18063,18056303986,[2032243973]
2032333984,578,578071191,[2; 2; 2; 2; 2; 63510437]
2033457089,219,216351522,[83; 24499483]
2034656101,0,7055959,[17; 157; 762329]
2045106785,16,3703309,[5; 1009; 405373]
2054406207,31,38607214,[3; 7; 23; 4253429]
2054842047,0,854412,[3; 3; 3; 787; 96703]
2054979820,0,201416,[2; 2; 5; 4523; 22717]
2056797202,78,70203797,[2; 131; 7850371]
2060458365,172,182789533,[3; 5; 7; 19623413]
2061920757,16,5052922,[3; 13; 101; 523463]
2063086820,922,922707743,[2; 2; 5; 103154341]
2067116033,18391,18398344801,[2067116033]
2067456331,18407,18397114070,[2067456331]
2070692349,563,567185344,[3; 11; 62748253]
2072517819,31,25675565,[3; 241; 2866553]
2073104847,16,21680182,[3; 3; 3; 3; 11; 2326717]
2076720762,3109,3110145656,[2; 3; 346120127]
2080172901,0,452437,[3; 13577; 51071]
2084498618,47,39797318,[2; 233; 4473173]
2086281642,0,1513824,[2; 3; 2027; 171541]
2086832326,0,154376,[2; 61; 983; 17401]
2088665314,0,45329,[2; 197; 1063; 4987]
2092662295,78,86364509,[5; 43; 9733313]
2093697824,594,582103351,[2; 2; 2; 2; 2; 65428057]
2097885291,0,1788793,[3; 3449; 202753]
2097916807,156,158412692,[7; 17; 17629553]
2099777821,0,651286,[28499; 73679]
2100639611,0,172336,[7; 23; 673; 19387]
2101570432,0,857833,[2; 2; 2; 2; 2; 2; 2; 13; 13; 97151]
2102553238,313,305703482,[2; 31; 33912149]
2103857494,0,15823,[2; 571; 1291; 1427]
2104465787,203,210973599,[89; 23645683]
2106791195,3781,3782256957,[5; 421358239]
2109318882,0,13684,[2; 3; 11; 41; 601; 1297]
2110403761,18782,18774700667,[2110403761]
2111073876,563,567589458,[2; 2; 3; 3; 58640941]
2111967148,0,1285467,[2; 2; 3733; 141439]
2116926451,18954,18952658793,[2116926451]
2120432916,0,322436,[2; 2; 3; 7; 17; 41; 36217]
2121843854,734,730248554,[2; 13; 81609379]
2124555437,18892,18891892019,[2124555437]
2127488950,375,380813522,[2; 5; 5; 42549779]
2132408944,15,5360818,[2; 2; 2; 2; 227; 587117]
2134084098,0,10240121,[2; 3; 307; 1158569]
2134561422,0,27796,[2; 3; 7; 7; 19; 131; 2917]
2134685419,18986,18984156593,[2134685419]
2137313224,0,47040,[2; 2; 2; 29; 1811; 5087]
2138746151,78,75783992,[251; 8520901]
2141630329,19126,19129774051,[2141630329]
2142654891,31,28686107,[3; 13; 17; 3231757]
2145217262,9532,9529968795,[2; 1072608631]
2146105518,0,88521,[2; 3; 19; 1933; 9739]
